Total Sales,Total Discounts,Total Revenue,Average Order Value
4178050.3,418869.08999999997,3759181.21,3759.1812099999997
